{"cameraMode":{"drawMode":0,"name":"Shaded","section":"Shading Mode"},"sceneLighting":true,"audioPlay":false,"sceneViewState":{"showFog":true,"showMaterialUpdate":false,"showSkybox":true,"showFlares":true,"showImageEffects":true,"showParticleSystems":true},"in2DMode":false,"pivot":{"x":-71.47848510742188,"y":-10.552846908569336,"z":92.12416076660156},"rotation":{"x":0.037797123193740848,"y":-0.014992262236773968,"z":0.0005632208776660264,"w":0.999191403388977},"size":84.46923828125,"orthographic":false}