{"cameraMode":{"drawMode":0,"name":"Shaded","section":"Shading Mode"},"sceneLighting":true,"audioPlay":false,"sceneViewState":{"showFog":true,"showMaterialUpdate":false,"showSkybox":true,"showFlares":true,"showImageEffects":true,"showParticleSystems":true},"in2DMode":false,"pivot":{"x":-0.4260234832763672,"y":1.101799488067627,"z":-0.2618389129638672},"rotation":{"x":-0.07165525108575821,"y":0.9061899185180664,"z":-0.1708129197359085,"w":-0.38014262914657595},"size":6.92514181137085,"orthographic":false}