{"cameraMode":{"drawMode":0,"name":"Shaded","section":"Shading Mode"},"sceneLighting":true,"audioPlay":false,"sceneViewState":{"showFog":true,"showMaterialUpdate":false,"showSkybox":true,"showFlares":true,"showImageEffects":true,"showParticleSystems":true},"in2DMode":false,"pivot":{"x":268.9084167480469,"y":177.84619140625,"z":822.8778686523438},"rotation":{"x":0.13174423575401307,"y":-0.05202164873480797,"z":0.0069201188161969189,"w":0.9899073839187622},"size":795.474853515625,"orthographic":false}